<custom__type__definition>
  <version>5.2.0.0</version>
  <typeName class="org.mule.common.metadata.DefaultMetaDataKey">
    <id>InputMessageJava</id>
    <displayName>InputMessageJava</displayName>
    <category>DEFAULT</category>
    <metaDataKeyPropertiesManager>
      <properties>
        <org.mule.common.metadata.key.property.dsql.DsqlFromMetaDataKeyProperty/>
      </properties>
    </metaDataKeyPropertiesManager>
  </typeName>
  <metadataModel class="org.mule.common.metadata.DefaultPojoMetaDataModel">
    <implementationClass>com.mulesoft.demo.translation.dto.input.Message</implementationClass>
    <dataType>POJO</dataType>
    <metaDataModelPropertiesManager>
      <properties/>
    </metaDataModelPropertiesManager>
    <fields>
      <org.mule.common.metadata.DefaultMetaDataField>
        <name>tags</name>
        <model class="org.mule.common.metadata.DefaultSimpleMetaDataModel">
          <dataType>STRING</dataType>
          <metaDataModelPropertiesManager>
            <properties/>
          </metaDataModelPropertiesManager>
        </model>
        <accessType>READ_WRITE</accessType>
        <metaDataFieldPropertyManager>
          <properties>
            <org.mule.common.metadata.field.property.dsql.DsqlSelectMetaDataFieldProperty/>
            <org.mule.common.metadata.field.property.dsql.DsqlWhereMetaDataFieldProperty/>
            <org.mule.common.metadata.field.property.dsql.DsqlOrderMetaDataFieldProperty/>
            <org.mule.common.metadata.field.property.dsql.DsqlQueryOperatorsMetaDataFieldProperty>
              <supportedOperators>
                <org.mule.common.query.expression.LessOperator/>
                <org.mule.common.query.expression.LessOrEqualsOperator/>
                <org.mule.common.query.expression.EqualsOperator/>
                <org.mule.common.query.expression.GreaterOperator/>
                <org.mule.common.query.expression.GreaterOrEqualsOperator/>
                <org.mule.common.query.expression.NotEqualsOperator/>
                <org.mule.common.query.expression.LikeOperator/>
              </supportedOperators>
            </org.mule.common.metadata.field.property.dsql.DsqlQueryOperatorsMetaDataFieldProperty>
          </properties>
        </metaDataFieldPropertyManager>
      </org.mule.common.metadata.DefaultMetaDataField>
      <org.mule.common.metadata.DefaultMetaDataField>
        <name>text</name>
        <model class="org.mule.common.metadata.DefaultSimpleMetaDataModel">
          <dataType>STRING</dataType>
          <metaDataModelPropertiesManager>
            <properties/>
          </metaDataModelPropertiesManager>
        </model>
        <accessType>READ_WRITE</accessType>
        <metaDataFieldPropertyManager>
          <properties>
            <org.mule.common.metadata.field.property.dsql.DsqlSelectMetaDataFieldProperty/>
            <org.mule.common.metadata.field.property.dsql.DsqlWhereMetaDataFieldProperty/>
            <org.mule.common.metadata.field.property.dsql.DsqlOrderMetaDataFieldProperty/>
            <org.mule.common.metadata.field.property.dsql.DsqlQueryOperatorsMetaDataFieldProperty>
              <supportedOperators>
                <org.mule.common.query.expression.LessOperator/>
                <org.mule.common.query.expression.LessOrEqualsOperator/>
                <org.mule.common.query.expression.EqualsOperator/>
                <org.mule.common.query.expression.GreaterOperator/>
                <org.mule.common.query.expression.GreaterOrEqualsOperator/>
                <org.mule.common.query.expression.NotEqualsOperator/>
                <org.mule.common.query.expression.LikeOperator/>
              </supportedOperators>
            </org.mule.common.metadata.field.property.dsql.DsqlQueryOperatorsMetaDataFieldProperty>
          </properties>
        </metaDataFieldPropertyManager>
      </org.mule.common.metadata.DefaultMetaDataField>
      <org.mule.common.metadata.DefaultMetaDataField>
        <name>users</name>
        <model class="org.mule.common.metadata.DefaultSimpleMetaDataModel">
          <dataType>STRING</dataType>
          <metaDataModelPropertiesManager>
            <properties/>
          </metaDataModelPropertiesManager>
        </model>
        <accessType>READ_WRITE</accessType>
        <metaDataFieldPropertyManager>
          <properties>
            <org.mule.common.metadata.field.property.dsql.DsqlSelectMetaDataFieldProperty/>
            <org.mule.common.metadata.field.property.dsql.DsqlWhereMetaDataFieldProperty/>
            <org.mule.common.metadata.field.property.dsql.DsqlOrderMetaDataFieldProperty/>
            <org.mule.common.metadata.field.property.dsql.DsqlQueryOperatorsMetaDataFieldProperty>
              <supportedOperators>
                <org.mule.common.query.expression.LessOperator/>
                <org.mule.common.query.expression.LessOrEqualsOperator/>
                <org.mule.common.query.expression.EqualsOperator/>
                <org.mule.common.query.expression.GreaterOperator/>
                <org.mule.common.query.expression.GreaterOrEqualsOperator/>
                <org.mule.common.query.expression.NotEqualsOperator/>
                <org.mule.common.query.expression.LikeOperator/>
              </supportedOperators>
            </org.mule.common.metadata.field.property.dsql.DsqlQueryOperatorsMetaDataFieldProperty>
          </properties>
        </metaDataFieldPropertyManager>
      </org.mule.common.metadata.DefaultMetaDataField>
    </fields>
    <clazzName>com.mulesoft.demo.translation.dto.input.Message</clazzName>
    <isInterface>false</isInterface>
    <name>Message</name>
    <parentNames class="linked-hash-set">
      <string>java.lang.Object</string>
    </parentNames>
  </metadataModel>
</custom__type__definition>